{
    "metadata": {
        "version": "1.0",
        "unit": "ms",
        "source": "A100",
        "notes": "Costs for HE operators"
    },
    "costs": {
        "simd": {
            "add": {
                "latency": {
                    "0": 0.0123, "1": 0.0134, "2": 0.0145, "3": 0.0155, "4": 0.0163, "5": 0.0173, "6": 0.0181, "7": 0.0194, "8": 0.0205, "9": 0.0217, "10": 0.0224, "11": 0.0239, "12": 0.0257, "13": 0.0307, "14": 0.0371, "15": 0.0426, "16": 0.0473, "17": 0.0519, "18": 0.0550, "19": 0.0580, "20": 0.0607, "21": 0.0639, "22": 0.0663, "23": 0.0682, "24": 0.0709, "25": 0.0729, "26": 0.0758, "27": 0.0783, "28": 0.0795, "29": 0.0825, "30": 0.0854, "31": 0.0883
                }
            },
            "sub": {
                "latency": {
                    "0": 0.0123, "1": 0.0134, "2": 0.0145, "3": 0.0155, "4": 0.0163, "5": 0.0173, "6": 0.0181, "7": 0.0194, "8": 0.0205, "9": 0.0217, "10": 0.0224, "11": 0.0239, "12": 0.0257, "13": 0.0307, "14": 0.0371, "15": 0.0426, "16": 0.0473, "17": 0.0519, "18": 0.0550, "19": 0.0580, "20": 0.0607, "21": 0.0639, "22": 0.0663, "23": 0.0682, "24": 0.0709, "25": 0.0729, "26": 0.0758, "27": 0.0783, "28": 0.0795, "29": 0.0825, "30": 0.0854, "31": 0.0883
                }
            },
            "ccmult": {
                "latency": {
                    "0": 0.1703, "1": 0.2146, "2": 0.2743, "3": 0.3545, "4": 0.4147, "5": 0.4891, "6": 0.5751, "7": 0.6502, "8": 0.7943, "9": 0.9101, "10": 1.0194, "11": 1.1547, "12": 1.2857, "13": 1.4506, "14": 1.6065, "15": 1.7930, "16": 2.0029, "17": 2.2029, "18": 2.4057, "19": 2.5800, "20": 2.7970, "21": 3.0219, "22": 3.2389, "23": 3.4774, "24": 3.7187, "25": 3.9930, "26": 4.2748, "27": 4.5368, "28": 5.0543, "29": 5.3684, "30": 5.7210, "31": 6.1150
                }
            },
            "cpmult": {
                "latency": {
                    "0": 0.0237, "1": 0.0259, "2": 0.0285, "3": 0.0310, "4": 0.0331, "5": 0.0357, "6": 0.0377, "7": 0.0401, "8": 0.0428, "9": 0.0454, "10": 0.0474, "11": 0.0504, "12": 0.0535, "13": 0.0604, "14": 0.0681, "15": 0.0761, "16": 0.0822, "17": 0.0892, "18": 0.0951, "19": 0.1017, "20": 0.1074, "21": 0.1146, "22": 0.1198, "23": 0.1275, "24": 0.1327, "25": 0.1395, "26": 0.1463, "27": 0.1522, "28": 0.1570, "29": 0.1638, "30": 0.1705, "31": 0.1772
                }
            },
            "inv": {
                "latency": {
                    "5": 6.80179, "6": 7.7269, "7": 8.70387, "8": 8.91942, "9": 10.044, "10": 9.33639, "11": 9.79136, "12": 10.9041, "13": 12.079, "14": 13.2859, "15": 14.5974, "16": 16.0073, "17": 17.5617, "18": 19.1798, "19": 20.9167, "20": 22.7792, "21": 24.5222, "22": 26.5354, "23": 28.4413, "24": 30.4097, "25": 32.5151, "26": 34.8087, "27": 37.1023, "28": 39.4646, "29": 41.8423, "30": 47.9937, "31": 48.8041
                }
            },
            "div": {
                "latency": {
                    "0": 0.0237, "1": 0.0259, "2": 0.0285, "3": 0.0310, "4": 0.0331, "5": 0.0357, "6": 0.0377, "7": 0.0401, "8": 0.0428, "9": 0.0454, "10": 0.0474, "11": 0.0504, "12": 0.0535, "13": 0.0604, "14": 0.0681, "15": 0.0761, "16": 0.0822, "17": 0.0892, "18": 0.0951, "19": 0.1017, "20": 0.1074, "21": 0.1146, "22": 0.1198, "23": 0.1275, "24": 0.1327, "25": 0.1395, "26": 0.1463, "27": 0.1522, "28": 0.1570, "29": 0.1638, "30": 0.1705, "31": 0.1772
                }
            },
            "min": {
                "latency": {
                    "0": 0.0, "1": 56.70, "2": 754.15, "3": 1441.76, "4": 2150.02, "5": 2852.63, "6": 3553.93, "7": 4259.41, "8": 4925.05, "9": 5630.14, "10": 6329.23, "11": 6980.29, "12": 7783.43, "13": 8371.61, "14": 9054.94, "15": 9746.67
                }
            },
            "reduce_add": {
                "latency": {
                    "0": { "1": 0.421568, "2": 0.743104, "3": 1.06362, "4": 1.38413, "5": 1.70566, "6": 2.02413, "7": 2.34362, "8": 2.6631, "9": 2.98157, "10": 3.30106, "11": 3.61952, "12": 3.94003, "13": 4.2585, "14": 4.57696, "15": 4.8985 },
                    "1": { "1": 0.37936, "2": 0.766432, "3": 1.14941, "4": 1.53238, "5": 1.91946, "6": 2.30038, "7": 2.68438, "8": 3.06838, "9": 3.45034, "10": 3.83331, "11": 4.21834, "12": 4.60234, "13": 4.98531, "14": 5.36931, "15": 5.75229 },
                    "2": { "1": 0.475072, "2": 0.960448, "3": 1.44685, "4": 1.93222, "5": 2.41453, "6": 2.89786, "7": 3.38221, "8": 3.86451, "9": 4.34989, "10": 4.83322, "11": 5.31654, "12": 5.80192, "13": 6.28627, "14": 6.77062, "15": 7.25498 },
                    "3": { "1": 0.6088, "2": 1.2273, "3": 1.84067, "4": 2.45712, "5": 3.0705, "6": 3.68797, "7": 4.30851, "8": 4.92394, "9": 5.54243, "10": 6.16195, "11": 6.78147, "12": 7.39792, "13": 8.01642, "14": 8.63696, "15": 9.25238 },
                    "4": { "1": 0.762912, "2": 1.47664, "3": 2.18525, "4": 2.8959, "5": 3.60554, "6": 4.31414, "7": 5.02275, "8": 5.73238, "9": 6.43894, "10": 7.14858, "11": 7.85821, "12": 8.57091, "13": 9.28464, "14": 9.99325, "15": 10.7019 },
                    "5": { "1": 0.883584, "2": 1.70893, "3": 2.53427, "4": 3.35962, "5": 4.18598, "6": 5.01338, "7": 5.83872, "8": 6.66714, "9": 7.49555, "10": 8.31987, "11": 9.14624, "12": 9.96954, "13": 10.7949, "14": 11.6192, "15": 12.4466 },
                    "6": { "1": 0.952832, "2": 1.91539, "3": 2.8759, "4": 3.83744, "5": 4.7959, "6": 5.75539, "7": 6.71488, "8": 7.67334, "9": 8.63386, "10": 9.59232, "11": 10.5518, "12": 11.5133, "13": 12.4759, "14": 13.4374, "15": 14.3939 },
                    "7": { "1": 1.14531, "2": 2.21744, "3": 3.28854, "4": 4.3576, "5": 5.42973, "6": 6.50288, "7": 7.57398, "8": 8.64406, "9": 9.71619, "10": 10.7883, "11": 11.8594, "12": 12.9346, "13": 14.0037, "14": 15.0758, "15": 16.1469 },
                    "8": { "1": 1.452, "2": 2.75043, "3": 4.05091, "4": 5.35344, "5": 6.65494, "6": 7.96054, "7": 9.26512, "8": 10.5666, "9": 11.8681, "10": 13.1686, "11": 14.4711, "12": 15.7716, "13": 17.07, "14": 18.3716, "15": 19.6751 },
                    "9": { "1": 1.55622, "2": 3.04, "3": 4.52685, "4": 6.0096, "5": 7.49952, "6": 8.98227, "7": 10.464, "8": 11.9529, "9": 13.4408, "10": 14.9245, "11": 16.4104, "12": 17.8982, "13": 19.382, "14": 20.8678, "15": 22.3557 },
                    "10": { "1": 1.71142, "2": 3.36314, "3": 5.00973, "4": 6.65734, "5": 8.29882, "6": 9.93619, "7": 11.5807, "8": 13.2284, "9": 14.8708, "10": 16.5103, "11": 18.164, "12": 19.8076, "13": 21.45, "14": 23.0966, "15": 24.7381 },
                    "11": { "1": 1.82979, "2": 3.58902, "3": 5.34928, "4": 7.10954, "5": 8.87184, "6": 10.63, "7": 12.3852, "8": 14.1444, "9": 15.9026, "10": 17.6639, "11": 19.4221, "12": 21.1752, "13": 22.9314, "14": 24.6916, "15": 26.4508 },
                    "12": { "1": 1.88365, "2": 3.62752, "3": 5.37037, "4": 7.11526, "5": 8.86118, "6": 10.6081, "7": 12.351, "8": 14.0959, "9": 15.8346, "10": 17.5795, "11": 19.3224, "12": 21.0693, "13": 22.8122, "14": 24.5622, "15": 26.306 },
                    "13": { "1": 2.0025, "2": 3.82726, "3": 5.64794, "4": 7.46861, "5": 9.28723, "6": 11.111, "7": 12.9327, "8": 14.7554, "9": 16.5791, "10": 18.4008, "11": 20.2276, "12": 22.0473, "13": 23.871, "14": 25.6938, "15": 27.5134 },
                    "14": { "1": 1.88912, "2": 3.64835, "3": 5.40349, "4": 7.15965, "5": 8.91478, "6": 10.6668, "7": 12.4199, "8": 14.171, "9": 15.9302, "10": 17.6823, "11": 19.4323, "12": 21.1936, "13": 22.9456, "14": 24.6997, "15": 26.4549 },
                    "15": { "1": 1.98422, "2": 3.7711, "3": 5.55696, "4": 7.33974, "5": 9.12458, "6": 10.9094, "7": 12.6922, "8": 14.475, "9": 16.2619, "10": 18.0457, "11": 19.8274, "12": 21.6092, "13": 23.3879, "14": 25.1727, "15": 26.9555 },
                    "16": { "1": 2.23373, "2": 4.23872, "3": 6.24064, "4": 8.23744, "5": 10.2342, "6": 12.2454, "7": 14.2473, "8": 16.2543, "9": 18.2573, "10": 20.2582, "11": 22.2601, "12": 24.262, "13": 26.265, "14": 28.2648, "15": 30.2657 },
                    "17": { "1": 2.45827, "2": 4.66704, "3": 6.87171, "4": 9.0815,